Comment,Designator,Footprint,LCSC
"100n","C1,C2,C6,C9,C15,C18,C31,C50,C70,C94,C96,C97,C99","Capacitor_SMD:C_0603_1608Metric","C14663"
"100u@6.3V","C10,C20","Capacitor_SMD:C_1206_3216Metric","C15008"
"10n","C100","Capacitor_SMD:C_0603_1608Metric","C57112"
"15p","C101,C102","Capacitor_SMD:C_0603_1608Metric","C1644"
"10u","C11,C17,C25","Capacitor_SMD:C_0603_1608Metric","C96446"
"10u @ 100V","C23","Capacitor_SMD:C_2220_5650Metric","C2843466"
"22u","C27,C28","Capacitor_SMD:C_0805_2012Metric","C45783"
"100n","C3,C4","Resistor_SMD:R_0603_1608Metric","C14663"
"1n","C32,C51,C71","Capacitor_SMD:C_0603_1608Metric","C1588"
"2.2nF","C33,C34,C53,C54,C72,C73","Capacitor_SMD:C_0603_1608Metric","C344172"
"100p","C35,C55,C74,C89,C90","Capacitor_SMD:C_0603_1608Metric","C14858"
"100n 100V","C36,C37,C38,C39,C40,C41,C42,C43,C44,C45,C46,C56,C57,C58,C59,C60,C61,C62,C63,C64,C65,C66,C75,C76,C77,C78,C79,C80,C81,C82,C83,C84,C85","Capacitor_SMD:C_0805_2012Metric",""
"4.7n","C47,C48,C67,C68,C86,C87,C88","Capacitor_SMD:C_0603_1608Metric","C382251"
"10u","C5,C14,C21,C29","Capacitor_Tantalum_SMD:CP_EIA-3216-10_Kemet-I","C7171"
"2.2u","C7,C12,C13,C16,C22,C24,C26,C30,C49,C52,C69,C91,C92,C93,C95,C103,C104,C105","Capacitor_SMD:C_0603_1608Metric","C23630"
"100u","C8,C19","Capacitor_Tantalum_SMD:CP_EIA-3528-21_Kemet-B","C16133"
"1u","C98","Capacitor_SMD:C_0603_1608Metric","C15849"
"68uH","CYA0650-68UH1,CYA0650-68UH2","Custom:L_6.6x7.2_H5.0_CYA0650_68UH","C5189964"
"US1M","D1,D3,D6","Diode_SMD:D_SMA","C412437"
"RED","D14","LED_SMD:LED_0603_1608Metric","C2286"
"GRN","D16","LED_SMD:LED_0603_1608Metric","C72043"
"BLU","D17","LED_SMD:LED_0603_1608Metric","C72041"
"1N5819","D2","Diode_SMD:D_SOD-323",""
"1N4148WS","D4","Diode_SMD:D_SOD-323","C2128"
"SS210","D5,D7","Diode_SMD:D_SMA","C14996"
"1N5819WS","D8,D9,D10,D11,D12,D13,D15","Diode_SMD:D_SOD-323","C191023"
"MountingHole","H1,H2,H3,H4,H5","MountingHole:MountingHole_3.2mm_M3",""
"Phase_A_Pad","H6","Custom:MountingHole_3.5mm_Pad_TopOnly_custom",""
"Phase_B_Pad","H7","Custom:MountingHole_3.5mm_Pad_TopOnly_custom",""
"Phase_C_Pad","H8","Custom:MountingHole_3.5mm_Pad_TopOnly_custom",""
"Conn_01x03","J1","Connector_JST:JST_PH_B3B-PH-K_1x03_P2.00mm_Vertical",""
"Conn_01x06","J2","Connector_JST:JST_PH_B6B-PH-K_1x06_P2.00mm_Vertical",""
"Conn_01x08","J3","Connector_JST:JST_PH_B8B-PH-K_1x08_P2.00mm_Vertical",""
"TYPE-C-31-M-12","J5","TYPE-C-31-M-12:HRO_TYPE-C-31-M-12","C165948"
"30n","L1","Inductor_SMD:L_0603_1608Metric","C280269"
"NetTie_2","NT1,NT2,NT3,NT4,NT5,NT6","NetTie:NetTie-2_SMD_Pad0.5mm",""
"SWD","P1","Connector_PinHeader_2.54mm:PinHeader_1x05_P2.54mm_Vertical",""
"MMBT5401","Q1,Q2,Q5,Q6,Q9,Q10","Package_TO_SOT_SMD:SOT-23","C8326"
"CSD19536KCS","Q3,Q4,Q7,Q8,Q11,Q12","Custom:TO-220-3_Vertical_bend",""
"2k2","R1,R2,R3,R24,R25,R41,R42,R58,R59","Resistor_SMD:R_0603_1608Metric","C22975"
"82k @ 150V","R14","Resistor_SMD:R_0805_2012Metric","C17840"
"1k8","R15,R18","Resistor_SMD:R_0603_1608Metric","C4177"
"56k","R16,R17","Resistor_SMD:R_0603_1608Metric","C23206"
"0.1R","R19","Resistor_SMD:R_1206_3216Metric","C25334"
"30k","R23,R28,R39,R45,R57,R62","Resistor_SMD:R_0603_1608Metric","C22984"
"4.7R","R26,R27,R43,R44,R60,R61","Resistor_SMD:R_0603_1608Metric","C23164"
"62k","R29,R47,R63","Resistor_SMD:R_0603_1608Metric","C23221"
"4.7k @ 75v","R32,R33,R50,R51,R66,R67","Resistor_SMD:R_0603_1608Metric","C23162"
"ASR-M-3-0.25F 0.25mR","R34,R52,R68","Resistor_SMD:R_2512_6332Metric","C495759"
"10R","R35,R36,R37,R38,R53,R54,R55,R56,R69,R70,R71,R72","Resistor_SMD:R_0603_1608Metric","C22859"
"100R","R4,R73,R74","Resistor_SMD:R_0603_1608Metric","C22775"
"NTC 10k","R40","Resistor_SMD:R_0603_1608Metric","C13564"
"1k","R5,R7,R30,R31,R48,R49,R64,R65","Resistor_SMD:R_0603_1608Metric","C21190"
"10k","R6,R46,R77,R78","Resistor_SMD:R_0603_1608Metric","C25804"
"5.1k","R75,R76","Resistor_SMD:R_0603_1608Metric","C23186"
"20k","R79","Resistor_SMD:R_0603_1608Metric","C4184"
"56k @ 75V","R8,R10,R12,R21","Resistor_SMD:R_0603_1608Metric","C23206"
"2k","R9,R11,R13,R20,R22","Resistor_SMD:R_0603_1608Metric","C22975"
"SW_DPDT_x2","SW1","Jumper:SolderJumper-3_P1.3mm_Bridged2Bar12_Pad1.0x1.5mm",""
"BMI160","U1","Package_LGA:Bosch_LGA-14_3x2.5mm_P0.5mm","C94021"
"TX4130L/PW2902","U10","Custom:TX4130L_ESOP-8","C448635"
"MS8311","U11,U12,U13","Package_TO_SOT_SMD:TSOT-23-5","C1509000"
" TJA1050T/CM,118","U14","Package_SO:SOIC-8_3.9x4.9mm_P1.27mm","C6952"
"STM32F405RGT6","U15","Package_QFP:LQFP-64_10x10mm_P0.5mm",""
"AMS1117-3.3","U2","Package_TO_SOT_SMD:SOT-223-3_TabPin2","C6186"
"MC74VHC1G66","U3,U5,U8","Package_TO_SOT_SMD:SOT-353_SC-70-5","C233641"
"EG3112","U4,U7,U9","Package_SO:SOIC-8_3.9x4.9mm_P1.27mm","C111908"
"XL1509-5.0E1","U6","Package_SO:SOP-8_3.9x4.9mm_P1.27mm","C61063"
"8MHz Crystal Resonator, X50328MSB2GI","Y1","Crystal:Crystal_SMD_5032-2Pin_5.0x3.2mm","C115962"